code,original
2fc8b1,築夢實業股份有限公司
0e5ba8,20373843
04bd9d,范柔豪
4aea62,新北市板橋區重慶路四段17巷22號9樓
345df0,宋宇慈
2ca9c8,02-1506-1109
f19b9f,0917-372-491
8a9c70,sung.yu.tzu95@mail.example.org
e199d4,方怡翔
f1074d,L283213667
d67f75,台北市大同區市府路297號
795610,0966818866
7c1163,fang.yi.hsiang@example.com.tw
9d9787,宋宇慈
7df4bf,sung.yu.tzu95@mail.example.org
ea4999,方怡翔
6c0533,sung.yu.tzu95@mail.example.org
a514cf,fang.yi.hsiang@example.com.tw
eadba7,宋宇慈
f645f5,02-1506-1109
f83a75,0917-372-491
2e65b8,sung.yu.tzu95@mail.example.org
e1f609,傅柏萱
ea11cb,(02)5047-4554
a6cb64,0924-028-887
a805c4,sales@example.com.tw
e792fd,周博
63001f,07-6769-764
51675e,0968-532-700
09f820,sales@example.net
0c69a0,方怡翔
936ae7,0966818866
a4a93e,fang.yi.hsiang@example.com.tw
76aed7,徐文儀
225814,0966-023-046
3d2a1c,築夢實業股份有限公司
60a94f,20373843
621124,范柔豪
6ba1c5,新北市板橋區重慶路四段17巷22號9樓
4b12bb,02-1506-1109
953bd4,方怡翔
c587b2,L283213667
12cb71,台北市大同區市府路297號
778bdc,0966818866
4daf4a,劉詩綺
c846f8,Q158359867
451a59,0909879551
382595,築夢實業股份有限公司
